District,Taluka,Rainfall_mm,Normal_Rainfall_mm,Rainfall_Deficit_pct,Soil_Moisture_pct,Groundwater_Level_m,Avg_Temp_C,Drought_Risk
Chhatrapati Sambhajinagar,Chhatrapati Sambhajinagar,510,780,34.6,27,23.5,33.5,High
Chhatrapati Sambhajinagar,Paithan,615,820,25.0,38,15.2,32.0,Medium
Chhatrapati Sambhajinagar,Gangapur,480,750,36.0,26,24.8,34.0,High
Chhatrapati Sambhajinagar,Vaijapur,430,730,41.1,23,26.5,34.5,High
Chhatrapati Sambhajinagar,Kannad,465,740,37.2,25,22.0,33.8,High
Chhatrapati Sambhajinagar,Sillod,550,770,28.6,33,18.5,32.5,Medium
Chhatrapati Sambhajinagar,Phulambri,505,760,33.6,28,21.0,33.0,High
Chhatrapati Sambhajinagar,Khuldabad,570,760,25.0,36,16.5,32.0,Medium
Jalna,Jalna,425,720,41.0,24,25.0,34.5,High
Jalna,Bhokardan,545,800,31.9,34,18.0,33.0,Medium
Jalna,Jafrabad,530,780,32.1,33,19.2,33.2,Medium
Jalna,Ambad,485,760,36.2,26,23.5,34.0,High
Jalna,Ghansawangi,440,730,39.7,24,24.8,34.2,High
Jalna,Partur,460,750,38.7,25,24.0,34.0,High
Jalna,Mantha,475,760,37.5,27,22.8,33.8,High
Jalna,Badnapur,510,740,31.1,32,19.5,33.0,Medium
Beed,Beed,385,690,44.2,21,28.5,35.5,High
Beed,Georai,355,720,50.7,19,30.2,36.0,High
Beed,Majalgaon,415,700,40.7,23,25.4,35.0,High
Beed,Ambajogai,470,740,36.5,28,21.5,34.0,High
Beed,Kaij,430,710,39.4,25,24.0,34.5,High
Beed,Parli,445,730,39.0,26,23.8,34.8,High
Beed,Ashti,370,680,45.6,20,29.0,35.5,High
Beed,Patoda,380,670,43.3,21,27.5,35.2,High
Beed,Shirur Kasar,365,660,44.7,20,28.8,35.6,High
Latur,Latur,455,760,40.1,28,24.0,33.5,High
Latur,Ausa,435,750,42.0,25,25.8,34.2,High
Latur,Nilanga,560,780,28.2,36,17.5,32.5,Medium
Latur,Udgir,530,810,34.6,31,20.2,33.0,Medium
Latur,Ahmedpur,490,780,37.2,27,23.0,33.8,High
Latur,Chakur,500,770,35.1,29,21.8,33.4,High
Latur,Renapur,470,750,37.3,27,23.5,33.8,High
Dharashiv,Dharashiv,405,700,42.1,23,26.0,34.5,High
Dharashiv,Tuljapur,525,780,32.7,33,19.0,33.0,Medium
Dharashiv,Omerga,475,740,35.8,27,23.2,34.0,High
Dharashiv,Lohara,460,730,37.0,26,24.5,34.2,High
Dharashiv,Kalamb,430,720,40.3,24,25.5,34.5,High
Dharashiv,Bhum,395,680,41.9,22,27.0,35.0,High
Dharashiv,Paranda,380,670,43.3,21,28.0,35.2,High
Nanded,Nanded,515,820,37.2,30,22.0,32.8,Medium
Nanded,Deglur,680,850,20.0,42,12.5,31.5,Low
Nanded,Kandhar,540,810,33.3,33,19.5,32.5,Medium
Nanded,Kinwat,710,870,18.4,45,11.0,31.0,Low
Nanded,Mukhed,490,800,38.8,28,23.8,33.5,High
Nanded,Hadgaon,580,830,30.1,35,17.0,32.0,Medium
Nanded,Mudkhed,560,820,31.7,34,18.0,32.2,Medium
Nanded,Loha,520,790,34.2,31,21.0,33.0,Medium
Parbhani,Parbhani,465,760,38.8,27,23.8,33.8,High
Parbhani,Manwath,445,770,42.2,25,25.2,34.2,High
Parbhani,Gangakhed,505,790,36.1,30,21.5,33.2,Medium
Parbhani,Pathri,455,750,39.3,26,24.0,34.0,High
Parbhani,Jintur,540,780,30.8,34,18.5,32.5,Medium
Parbhani,Purna,490,770,36.4,28,22.5,33.5,High
Parbhani,Sailu,470,760,38.2,27,23.5,33.8,High
Parbhani,Sonpeth,440,740,40.5,24,25.0,34.4,High
Hingoli,Hingoli,505,790,36.1,30,21.0,32.8,Medium
Hingoli,Vasmath,530,800,33.8,32,19.2,32.5,Medium
Hingoli,Kalamnuri,455,780,41.7,25,24.8,33.8,High
Hingoli,Sengon,480,770,37.7,28,23.0,33.2,High
Hingoli,Aundha Nagnath,520,790,34.2,31,20.5,32.6,Medium
